"","RiskFactorID","RiskFactorValue","FactorValue","comment"
"1",100,110,-0.0303569878428251,"SBP"
"2",100,111,-0.00618227222192047,"SBP"
"3",100,112,0.0179924433989842,"SBP"
"4",100,113,0.0421671590198884,"SBP"
"5",100,114,0.0663418746407931,"SBP"
"6",100,115,0.0905165902616978,"SBP"
"7",100,116,0.114691305882602,"SBP"
"8",100,117,0.138866021503507,"SBP"
"9",100,118,0.163040737124411,"SBP"
"10",100,119,0.187215452745316,"SBP"
"11",100,120,0.21139016836622,"SBP"
"12",100,121,0.235564883987125,"SBP"
"13",100,122,0.25973959960803,"SBP"
"14",100,123,0.283914315228934,"SBP"
"15",100,124,0.308089030849839,"SBP"
"16",100,125,0.332263746470743,"SBP"
"17",100,126,0.356438462091648,"SBP"
"18",100,127,0.380613177712552,"SBP"
"19",100,128,0.404787893333457,"SBP"
"20",100,129,0.428962608954361,"SBP"
"21",100,130,0.453137324575266,"SBP"
"22",100,131,0.47731204019617,"SBP"
"23",100,132,0.501486755817075,"SBP"
"24",100,133,0.52566147143798,"SBP"
"25",100,134,0.549836187058884,"SBP"
"26",100,135,0.574010902679789,"SBP"
"27",100,136,0.598185618300693,"SBP"
"28",100,137,0.622360333921598,"SBP"
"29",100,138,0.646535049542502,"SBP"
"30",100,139,0.670709765163407,"SBP"
"31",100,140,0.694884480784311,"SBP"
"32",100,141,0.719059196405216,"SBP"
"33",100,142,0.74323391202612,"SBP"
"34",100,143,0.767408627647025,"SBP"
"35",100,144,0.791583343267929,"SBP"
"36",100,145,0.815758058888834,"SBP"
"37",100,146,0.839932774509739,"SBP"
"38",100,147,0.864107490130643,"SBP"
"39",100,148,0.888282205751548,"SBP"
"40",100,149,0.912456921372452,"SBP"
"41",100,150,0.936631636993356,"SBP"
"42",100,151,0.960806352614261,"SBP"
"43",100,152,0.984981068235166,"SBP"
"44",100,153,1.00915578385607,"SBP"
"45",100,154,1.03333049947697,"SBP"
"46",100,155,1.05750521509788,"SBP"
"47",100,156,1.08167993071878,"SBP"
"48",100,157,1.10585464633969,"SBP"
"49",100,158,1.13002936196059,"SBP"
"50",100,159,1.1542040775815,"SBP"
"51",100,160,1.1783787932024,"SBP"
"52",100,161,1.20255350882331,"SBP"
"53",100,162,1.22672822444421,"SBP"
"54",100,163,1.25090294006512,"SBP"
"55",100,164,1.27507765568602,"SBP"
"56",100,165,1.29925237130692,"SBP"
"57",100,166,1.32342708692783,"SBP"
"58",100,167,1.34760180254873,"SBP"
"59",100,168,1.37177651816964,"SBP"
"60",100,169,1.39595123379054,"SBP"
"61",100,170,1.42012594941145,"SBP"
"62",100,171,1.44430066503235,"SBP"
"63",100,172,1.46847538065326,"SBP"
"64",100,173,1.49265009627416,"SBP"
"65",100,174,1.51682481189507,"SBP"
"66",100,175,1.54099952751597,"SBP"
"67",100,176,1.56517424313687,"SBP"
"68",100,177,1.58934895875778,"SBP"
"69",100,178,1.61352367437868,"SBP"
"70",100,179,1.63769838999959,"SBP"
"71",100,180,1.66187310562049,"SBP"
"72",100,181,1.6860478212414,"SBP"
"73",100,182,1.7102225368623,"SBP"
"74",100,183,1.73439725248321,"SBP"
"75",100,184,1.75857196810411,"SBP"
"76",100,185,1.78274668372502,"SBP"
"77",100,186,1.80692139934592,"SBP"
"78",100,187,1.83109611496683,"SBP"
"79",100,188,1.85527083058773,"SBP"
"80",100,189,1.87944554620863,"SBP"
"81",100,190,1.90362026182954,"SBP"
"110",101,70,0.0245198806617593,"DBP"
"2100",101,71,0.0245198806617593,"DBP"
"3100",101,72,0.0245198806617593,"DBP"
"4100",101,73,0.0245198806617593,"DBP"
"5100",101,74,0.0245198806617593,"DBP"
"6100",101,75,0.0245198806617593,"DBP"
"7100",101,76,0.0245198806617593,"DBP"
"82",101,77,0.0727278976775705,"DBP"
"91",101,78,0.120935914693382,"DBP"
"101",101,79,0.169143931709193,"DBP"
"111",101,80,0.217351948725005,"DBP"
"121",101,81,0.265559965740816,"DBP"
"131",101,82,0.313767982756628,"DBP"
"1410",101,83,0.361975999772439,"DBP"
"1510",101,84,0.41018401678825,"DBP"
"1610",101,85,0.458392033804062,"DBP"
"1710",101,86,0.506600050819873,"DBP"
"1810",101,87,0.554808067835684,"DBP"
"1910",101,88,0.603016084851496,"DBP"
"2010",101,89,0.651224101867308,"DBP"
"2110",101,90,0.699432118883118,"DBP"
"2210",101,91,0.74764013589893,"DBP"
"2310",101,92,0.795848152914742,"DBP"
"2410",101,93,0.844056169930552,"DBP"
"2510",101,94,0.892264186946364,"DBP"
"2610",101,95,0.940472203962176,"DBP"
"2710",101,96,0.988680220977987,"DBP"
"2810",101,97,1.0368882379938,"DBP"
"2910",101,98,1.08509625500961,"DBP"
"3010",101,99,1.13330427202542,"DBP"
"3110",101,100,1.18151228904123,"DBP"
"3210",101,101,1.22972030605704,"DBP"
"3310",101,102,1.27792832307286,"DBP"
"3410",101,103,1.32613634008867,"DBP"
"3510",101,104,1.37434435710448,"DBP"
"3610",101,105,1.42255237412029,"DBP"
"3710",101,106,1.4707603911361,"DBP"
"3810",101,107,1.51896840815191,"DBP"
"3910",101,108,1.56717642516772,"DBP"
"4010",101,109,1.61538444218353,"DBP"
"4110",101,110,1.66359245919935,"DBP"
"4210",101,111,1.71180047621516,"DBP"
"4310",101,112,1.76000849323097,"DBP"
"4410",101,113,1.80821651024678,"DBP"
"4510",101,114,1.85642452726259,"DBP"
"4610",101,115,1.9046325442784,"DBP"
"4710",101,116,1.9046325442784,"DBP"
"4810",101,117,1.9046325442784,"DBP"
"4910",101,118,1.9046325442784,"DBP"
"5010",101,119,1.9046325442784,"DBP"
"5110",101,120,1.9046325442784,"DBP"
"133",20,0,0,"PastCVD"
"134",20,1,1.05082162483176,"PastCVD"
"135",20,2,0.73716406597672,"PastCVD"
"136",20,3,0.78845736036427,"PastCVD"
"137",19,0,0,"Sleep"
"138",19,1,1.06125650212434,"Sleep"
"139",19,2,1.06125650212434,"Sleep"
"140",18,0,0,"T2D"
"141",18,1,1.02245092770255,"T2D"
"142",109,100,-0.202975945421445,"LDL"
"143",109,101,-0.196210080574063,"LDL"
"144",109,102,-0.189444215726682,"LDL"
"145",109,103,-0.1826783508793,"LDL"
"146",109,104,-0.175912486031919,"LDL"
"147",109,105,-0.169146621184537,"LDL"
"148",109,106,-0.162380756337156,"LDL"
"149",109,107,-0.155614891489774,"LDL"
"150",109,108,-0.148849026642393,"LDL"
"151",109,109,-0.142083161795011,"LDL"
"152",109,110,-0.13531729694763,"LDL"
"153",109,111,-0.128551432100248,"LDL"
"154",109,112,-0.121785567252867,"LDL"
"155",109,113,-0.115019702405485,"LDL"
"156",109,114,-0.108253837558104,"LDL"
"157",109,115,-0.101487972710722,"LDL"
"158",109,116,-0.0947221078633408,"LDL"
"159",109,117,-0.0879562430159593,"LDL"
"160",109,118,-0.0811903781685778,"LDL"
"161",109,119,-0.0744245133211963,"LDL"
"162",109,120,-0.0676586484738149,"LDL"
"163",109,121,-0.0608927836264334,"LDL"
"164",109,122,-0.0541269187790519,"LDL"
"165",109,123,-0.0473610539316704,"LDL"
"166",109,124,-0.0405951890842889,"LDL"
"167",109,125,-0.0338293242369074,"LDL"
"168",109,126,-0.0270634593895259,"LDL"
"169",109,127,-0.0202975945421445,"LDL"
"170",109,128,-0.013531729694763,"LDL"
"171",109,129,-0.00676586484738149,"LDL"
"172",109,130,0,"LDL"
"173",109,131,0.00676586484738149,"LDL"
"174",109,132,0.013531729694763,"LDL"
"175",109,133,0.0202975945421445,"LDL"
"176",109,134,0.0270634593895259,"LDL"
"177",109,135,0.0338293242369074,"LDL"
"178",109,136,0.0405951890842889,"LDL"
"179",109,137,0.0473610539316704,"LDL"
"180",109,138,0.0541269187790519,"LDL"
"181",109,139,0.0608927836264334,"LDL"
"182",109,140,0.0676586484738149,"LDL"
"183",109,141,0.0744245133211963,"LDL"
"184",109,142,0.0811903781685778,"LDL"
"185",109,143,0.0879562430159593,"LDL"
"186",109,144,0.0947221078633408,"LDL"
"187",109,145,0.101487972710722,"LDL"
"188",109,146,0.108253837558104,"LDL"
"189",109,147,0.115019702405485,"LDL"
"190",109,148,0.121785567252867,"LDL"
"191",109,149,0.128551432100248,"LDL"
"192",109,150,0.13531729694763,"LDL"
"193",109,151,0.142083161795011,"LDL"
"194",109,152,0.148849026642393,"LDL"
"195",109,153,0.155614891489774,"LDL"
"196",109,154,0.162380756337156,"LDL"
"197",109,155,0.169146621184537,"LDL"
"198",109,156,0.175912486031919,"LDL"
"199",109,157,0.1826783508793,"LDL"
"200",109,158,0.189444215726682,"LDL"
"201",109,159,0.196210080574063,"LDL"
"202",109,160,0.202975945421445,"LDL"
"203",109,161,0.209741810268826,"LDL"
"204",109,162,0.216507675116208,"LDL"
"205",109,163,0.223273539963589,"LDL"
"206",109,164,0.230039404810971,"LDL"
"207",109,165,0.236805269658352,"LDL"
"208",109,166,0.243571134505734,"LDL"
"209",109,167,0.250336999353115,"LDL"
"210",109,168,0.257102864200496,"LDL"
"211",109,169,0.263868729047878,"LDL"
"212",109,170,0.270634593895259,"LDL"
"213",109,171,0.277400458742641,"LDL"
"214",109,172,0.284166323590022,"LDL"
"215",109,173,0.290932188437404,"LDL"
"216",109,174,0.297698053284785,"LDL"
"217",109,175,0.304463918132167,"LDL"
"218",109,176,0.311229782979548,"LDL"
"219",109,177,0.31799564782693,"LDL"
"220",109,178,0.324761512674311,"LDL"
"221",109,179,0.331527377521693,"LDL"
"222",109,180,0.338293242369074,"LDL"
"223",109,181,0.345059107216456,"LDL"
"224",109,182,0.351824972063837,"LDL"
"225",109,183,0.358590836911219,"LDL"
"226",109,184,0.3653567017586,"LDL"
"227",109,185,0.372122566605982,"LDL"
"228",109,186,0.378888431453363,"LDL"
"229",109,187,0.385654296300745,"LDL"
"230",109,188,0.392420161148126,"LDL"
"231",109,189,0.399186025995508,"LDL"
"232",109,190,0.405951890842889,"LDL"
"233",109,191,0.412717755690271,"LDL"
"234",109,192,0.419483620537652,"LDL"
"235",109,193,0.426249485385034,"LDL"
"236",109,194,0.433015350232415,"LDL"
"237",109,195,0.439781215079797,"LDL"
"238",109,196,0.446547079927178,"LDL"
"239",109,197,0.45331294477456,"LDL"
"240",109,198,0.460078809621941,"LDL"
"241",109,199,0.466844674469323,"LDL"
"242",109,200,0.473610539316704,"LDL"
"243",109,201,0.480376404164086,"LDL"
"244",109,202,0.487142269011467,"LDL"
"245",109,203,0.493908133858849,"LDL"
"246",109,204,0.50067399870623,"LDL"
"247",109,205,0.507439863553611,"LDL"
"248",109,206,0.514205728400993,"LDL"
"249",109,207,0.520971593248374,"LDL"
"250",109,208,0.527737458095756,"LDL"
"251",109,209,0.534503322943137,"LDL"
"252",109,210,0.541269187790519,"LDL"
"253",109,211,0.5480350526379,"LDL"
"254",109,212,0.554800917485282,"LDL"
"255",109,213,0.561566782332663,"LDL"
"256",109,214,0.568332647180045,"LDL"
"257",109,215,0.575098512027426,"LDL"
"258",109,216,0.581864376874808,"LDL"
"259",109,217,0.588630241722189,"LDL"
"260",109,218,0.595396106569571,"LDL"
"261",109,219,0.602161971416952,"LDL"
"262",109,220,0.608927836264334,"LDL"
"263",109,221,0.615693701111715,"LDL"
"264",109,222,0.622459565959097,"LDL"
"265",109,223,0.629225430806478,"LDL"
"266",109,224,0.63599129565386,"LDL"
"267",109,225,0.642757160501241,"LDL"
"268",109,226,0.649523025348623,"LDL"
"269",109,227,0.656288890196004,"LDL"
"270",109,228,0.663054755043386,"LDL"
"271",109,229,0.669820619890767,"LDL"
"272",109,230,0.676586484738149,"LDL"
"273",109,231,0.68335234958553,"LDL"
"274",109,232,0.690118214432912,"LDL"
"275",109,233,0.696884079280293,"LDL"
"276",109,234,0.703649944127675,"LDL"
"277",109,235,0.710415808975056,"LDL"
"278",109,236,0.717181673822438,"LDL"
"279",109,237,0.723947538669819,"LDL"
"280",109,238,0.7307134035172,"LDL"
"281",109,239,0.737479268364582,"LDL"
"282",109,240,0.744245133211964,"LDL"
"283",109,241,0.751010998059345,"LDL"
"284",109,242,0.757776862906727,"LDL"
"285",109,243,0.764542727754108,"LDL"
"286",109,244,0.771308592601489,"LDL"
"287",109,245,0.778074457448871,"LDL"
"288",109,246,0.784840322296252,"LDL"
"289",109,247,0.791606187143634,"LDL"
"290",109,248,0.798372051991015,"LDL"
"291",109,249,0.805137916838397,"LDL"
"292",109,250,0.811903781685778,"LDL"
"293",114,0,0.10237290870956,"DIET(AHEI)"
"294",114,1,0.10237290870956,"DIET(AHEI)"
"295",114,2,0.1010482489419,"DIET(AHEI)"
"296",114,3,0.09972358917424,"DIET(AHEI)"
"297",114,4,0.09839892940658,"DIET(AHEI)"
"298",114,5,0.09707426963892,"DIET(AHEI)"
"299",114,6,0.09574960987126,"DIET(AHEI)"
"300",114,7,0.0944249501036,"DIET(AHEI)"
"301",114,8,0.09310029033594,"DIET(AHEI)"
"302",114,9,0.09177563056827,"DIET(AHEI)"
"303",114,10,0.09045097080061,"DIET(AHEI)"
"304",114,11,0.08912631103295,"DIET(AHEI)"
"305",114,12,0.08780165126529,"DIET(AHEI)"
"306",114,13,0.08647699149763,"DIET(AHEI)"
"307",114,14,0.08515233172997,"DIET(AHEI)"
"308",114,15,0.08382767196231,"DIET(AHEI)"
"309",114,16,0.08250301219465,"DIET(AHEI)"
"310",114,17,0.08117835242699,"DIET(AHEI)"
"311",114,18,0.07985369265933,"DIET(AHEI)"
"312",114,19,0.07852903289167,"DIET(AHEI)"
"313",114,20,0.07720437312401,"DIET(AHEI)"
"314",114,21,0.07587971335635,"DIET(AHEI)"
"315",114,22,0.07455505358869,"DIET(AHEI)"
"316",114,23,0.07323039382103,"DIET(AHEI)"
"317",114,24,0.07190573405337,"DIET(AHEI)"
"318",114,25,0.07058107428571,"DIET(AHEI)"
"319",114,26,0.06049806367346,"DIET(AHEI)"
"320",114,27,0.05041505306122,"DIET(AHEI)"
"321",114,28,0.04033204244898,"DIET(AHEI)"
"322",114,29,0.03024903183673,"DIET(AHEI)"
"323",114,30,0.02016602122449,"DIET(AHEI)"
"324",114,31,0.01008301061224,"DIET(AHEI)"
"325",114,32,0,"DIET(AHEI)"
"326",114,33,-0.01431045771792,"DIET(AHEI)"
"327",114,34,-0.02862091543585,"DIET(AHEI)"
"328",114,35,-0.04293137315377,"DIET(AHEI)"
"329",114,36,-0.05724183087169,"DIET(AHEI)"
"330",114,37,-0.07155228858962,"DIET(AHEI)"
"331",114,38,-0.07664540955087,"DIET(AHEI)"
"332",114,39,-0.08173853051213,"DIET(AHEI)"
"333",114,40,-0.08683165147339,"DIET(AHEI)"
"334",114,41,-0.09192477243464,"DIET(AHEI)"
"335",114,42,-0.0970178933959,"DIET(AHEI)"
"336",114,43,-0.10211101435716,"DIET(AHEI)"
"337",114,44,-0.10720413531842,"DIET(AHEI)"
"338",114,45,-0.11229725627967,"DIET(AHEI)"
"339",115,0,0.046,"PA"
"340",115,1,0.041,"PA"
"341",115,2,0.035,"PA"
"342",115,3,0.03,"PA"
"343",115,4,0.025,"PA"
"344",115,5,0.019,"PA"
"345",115,6,0.014,"PA"
"346",115,7,0.012,"PA"
"347",115,8,0.011,"PA"
"348",115,9,0.009,"PA"
"349",115,10,0.007,"PA"
"350",115,11,0.005,"PA"
"351",115,12,0.004,"PA"
"352",115,13,0.002,"PA"
"353",115,14,0,"PA"
"354",115,15,-0.001,"PA"
"355",115,16,-0.003,"PA"
"356",115,17,-0.004,"PA"
"357",115,18,-0.005,"PA"
"358",115,19,-0.007,"PA"
"359",115,20,-0.008,"PA"
"360",115,21,-0.009,"PA"
"361",115,22,-0.011,"PA"
"362",115,23,-0.012,"PA"
"363",115,24,-0.013,"PA"
"364",115,25,-0.015,"PA"
"365",115,26,-0.019,"PA"
"366",115,27,-0.023,"PA"
"367",115,28,-0.027,"PA"
"368",115,29,-0.031,"PA"
"369",115,30,-0.035,"PA"
"370",115,31,-0.04,"PA"
"371",115,32,-0.044,"PA"
"372",115,33,-0.048,"PA"
"373",115,34,-0.052,"PA"
"374",115,35,-0.056,"PA"
"375",115,36,-0.06,"PA"
"376",115,37,-0.064,"PA"
"377",115,38,-0.068,"PA"
"378",115,39,-0.073,"PA"
"379",115,40,-0.077,"PA"
"380",115,41,-0.081,"PA"
"381",115,42,-0.085,"PA"
"382",116,1,-6.349,"Intercept"
"383",111,0,-0.65392647,"Ethnicity"
"384",111,1,0.412109651,"Ethnicity"
"385",111,2,0,"Ethnicity"
"386",111,3,0,"Ethnicity"
"387",111,4,0.693147181,"Ethnicity"
"388",111,5,0,"Ethnicity"
"389",111,6,0,"Ethnicity"
"390",117,1,0,"Alcohol"
"391",117,2,0,"Alcohol"
"392",117,3,0,"Alcohol"
"393",117,4,0.315778365,"Alcohol"
"394",104,19,0,"Age"
"395",104,20,0.188326315815702,"Age"
"396",104,21,0.376652631631405,"Age"
"397",104,22,0.564978947447107,"Age"
"398",104,23,0.753305263262809,"Age"
"399",104,24,0.941631579078511,"Age"
"400",104,25,1.12995789489421,"Age"
"401",104,26,1.31828421070992,"Age"
"402",104,27,1.50661052652562,"Age"
"403",104,28,1.69493684234132,"Age"
"404",104,29,1.88326315815702,"Age"
"405",104,30,1.96701835134917,"Age"
"406",104,31,2.05077354454132,"Age"
"407",104,32,2.13452873773347,"Age"
"408",104,33,2.21828393092562,"Age"
"409",104,34,2.30203912411777,"Age"
"410",104,35,2.38579431730992,"Age"
"411",104,36,2.46954951050207,"Age"
"412",104,37,2.55330470369422,"Age"
"413",104,38,2.63705989688638,"Age"
"414",104,39,2.72081509007853,"Age"
"415",104,40,2.79833168156565,"Age"
"416",104,41,2.87584827305278,"Age"
"417",104,42,2.95336486453991,"Age"
"418",104,43,3.03088145602703,"Age"
"419",104,44,3.10839804751416,"Age"
"420",104,45,3.18591463900129,"Age"
"421",104,46,3.26343123048841,"Age"
"422",104,47,3.34094782197554,"Age"
"423",104,48,3.41846441346267,"Age"
"424",104,49,3.4959810049498,"Age"
"425",104,50,3.55635107372522,"Age"
"426",104,51,3.61672114250065,"Age"
"427",104,52,3.67709121127607,"Age"
"428",104,53,3.7374612800515,"Age"
"429",104,54,3.79783134882692,"Age"
"430",104,55,3.85820141760235,"Age"
"431",104,56,3.91857148637777,"Age"
"432",104,57,3.9789415551532,"Age"
"433",104,58,4.03931162392862,"Age"
"434",104,59,4.09968169270405,"Age"
"435",104,60,4.13710470714506,"Age"
"436",104,61,4.17452772158607,"Age"
"437",104,62,4.21195073602708,"Age"
"438",104,63,4.24937375046809,"Age"
"439",104,64,4.2867967649091,"Age"
"440",104,65,4.32421977935011,"Age"
"441",104,66,4.36164279379112,"Age"
"442",104,67,4.39906580823213,"Age"
"443",104,68,4.43648882267314,"Age"
"444",104,69,4.47391183711415,"Age"
"445",104,70,4.5412916472091,"Age"
"446",104,71,4.60867145730404,"Age"
"447",104,72,4.67605126739899,"Age"
"448",104,73,4.74343107749393,"Age"
"449",104,74,4.81081088758888,"Age"
"450",104,75,4.87819069768382,"Age"
"451",104,76,4.94557050777877,"Age"
"452",104,77,5.01295031787371,"Age"
"453",104,78,5.08033012796866,"Age"
"454",104,79,5.1477099380636,"Age"
"455",104,80,5.1477099380636,"Age"
"456",104,81,5.1477099380636,"Age"
"457",104,82,5.1477099380636,"Age"
"458",104,83,5.1477099380636,"Age"
"459",104,84,5.1477099380636,"Age"
"460",104,85,5.1477099380636,"Age"
"461",105,0,-0.0750306625459171,"Gender"
"462",105,1,0,"Gender"
"463",106,-20,-0.0395462606403704,"Waist"
"464",106,-19,-0.0395462606403704,"Waist"
"465",106,-18,-0.0395462606403704,"Waist"
"466",106,-17,-0.0395462606403704,"Waist"
"467",106,-16,-0.0395462606403704,"Waist"
"468",106,-15,-0.0395462606403704,"Waist"
"469",106,-14,-0.0395462606403704,"Waist"
"470",106,-13,-0.0395462606403704,"Waist"
"471",106,-12,-0.0395462606403704,"Waist"
"472",106,-11,-0.0395462606403704,"Waist"
"473",106,-10,-0.0395462606403704,"Waist"
"474",106,-9,-0.0395462606403704,"Waist"
"475",106,-8,-0.0395462606403704,"Waist"
"476",106,-7,-0.0395462606403704,"Waist"
"477",106,-6,-0.0395462606403704,"Waist"
"478",106,-5,-0.0395462606403704,"Waist"
"479",106,-4,-0.0395462606403704,"Waist"
"480",106,-3,-0.0395462606403704,"Waist"
"481",106,-2,-0.0395462606403704,"Waist"
"482",106,-1,-0.0197731303201852,"Waist"
"483",106,0,0,"Waist"
"484",106,1,0.0197731303201852,"Waist"
"485",106,2,0.0395462606403704,"Waist"
"486",106,3,0.0593193909605556,"Waist"
"487",106,4,0.0790925212807408,"Waist"
"488",106,5,0.0988656516009261,"Waist"
"489",106,6,0.118638781921111,"Waist"
"490",106,7,0.138411912241296,"Waist"
"491",106,8,0.158185042561482,"Waist"
"492",106,9,0.177958172881667,"Waist"
"493",106,10,0.197731303201852,"Waist"
"494",106,11,0.197731303201852,"Waist"
"495",106,12,0.197731303201852,"Waist"
"496",106,13,0.197731303201852,"Waist"
"497",106,14,0.197731303201852,"Waist"
"498",106,15,0.197731303201852,"Waist"
"499",106,16,0.197731303201852,"Waist"
"500",106,17,0.197731303201852,"Waist"
"501",106,18,0.197731303201852,"Waist"
"502",106,19,0.197731303201852,"Waist"
"503",106,20,0.197731303201852,"Waist"
"504",108,100,-0.171864593499643,"TRIG"
"505",108,101,-0.170562957298586,"TRIG"
"506",108,102,-0.169261321097529,"TRIG"
"507",108,103,-0.167959684896472,"TRIG"
"508",108,104,-0.166658048695415,"TRIG"
"509",108,105,-0.165356412494358,"TRIG"
"510",108,106,-0.164054776293301,"TRIG"
"511",108,107,-0.162753140092244,"TRIG"
"512",108,108,-0.161451503891187,"TRIG"
"513",108,109,-0.16014986769013,"TRIG"
"514",108,110,-0.158848231489073,"TRIG"
"515",108,111,-0.157546595288016,"TRIG"
"516",108,112,-0.156244959086959,"TRIG"
"517",108,113,-0.154943322885902,"TRIG"
"518",108,114,-0.153641686684845,"TRIG"
"519",108,115,-0.152340050483788,"TRIG"
"520",108,116,-0.151038414282731,"TRIG"
"521",108,117,-0.149736778081674,"TRIG"
"522",108,118,-0.148435141880617,"TRIG"
"523",108,119,-0.14713350567956,"TRIG"
"524",108,120,-0.145831869478503,"TRIG"
"525",108,121,-0.144530233277446,"TRIG"
"526",108,122,-0.143228597076389,"TRIG"
"527",108,123,-0.141926960875332,"TRIG"
"528",108,124,-0.140625324674274,"TRIG"
"529",108,125,-0.139323688473217,"TRIG"
"530",108,126,-0.13802205227216,"TRIG"
"531",108,127,-0.136720416071103,"TRIG"
"532",108,128,-0.135418779870046,"TRIG"
"533",108,129,-0.134117143668989,"TRIG"
"534",108,130,-0.132815507467932,"TRIG"
"535",108,131,-0.131513871266875,"TRIG"
"536",108,132,-0.130212235065818,"TRIG"
"537",108,133,-0.128910598864761,"TRIG"
"538",108,134,-0.127608962663704,"TRIG"
"539",108,135,-0.126307326462647,"TRIG"
"540",108,136,-0.12500569026159,"TRIG"
"541",108,137,-0.123704054060533,"TRIG"
"542",108,138,-0.122402417859476,"TRIG"
"543",108,139,-0.121100781658419,"TRIG"
"544",108,140,-0.119799145457362,"TRIG"
"545",108,141,-0.118497509256305,"TRIG"
"546",108,142,-0.117195873055248,"TRIG"
"547",108,143,-0.115894236854191,"TRIG"
"548",108,144,-0.114592600653134,"TRIG"
"549",108,145,-0.113290964452077,"TRIG"
"550",108,146,-0.11198932825102,"TRIG"
"551",108,147,-0.110687692049963,"TRIG"
"552",108,148,-0.109386055848906,"TRIG"
"553",108,149,-0.108084419647849,"TRIG"
"554",108,150,-0.106782783446792,"TRIG"
"555",108,151,-0.105481147245735,"TRIG"
"556",108,152,-0.104179511044677,"TRIG"
"557",108,153,-0.10287787484362,"TRIG"
"558",108,154,-0.101576238642563,"TRIG"
"559",108,155,-0.100274602441506,"TRIG"
"560",108,156,-0.0989729662404493,"TRIG"
"561",108,157,-0.0976713300393923,"TRIG"
"562",108,158,-0.0963696938383353,"TRIG"
"563",108,159,-0.0950680576372782,"TRIG"
"564",108,160,-0.0937664214362212,"TRIG"
"565",108,161,-0.0924647852351642,"TRIG"
"566",108,162,-0.0911631490341071,"TRIG"
"567",108,163,-0.0898615128330501,"TRIG"
"568",108,164,-0.0885598766319931,"TRIG"
"569",108,165,-0.087258240430936,"TRIG"
"570",108,166,-0.085956604229879,"TRIG"
"571",108,167,-0.0846549680288219,"TRIG"
"572",108,168,-0.0833533318277649,"TRIG"
"573",108,169,-0.0820516956267079,"TRIG"
"574",108,170,-0.0807500594256508,"TRIG"
"575",108,171,-0.0794484232245938,"TRIG"
"576",108,172,-0.0781467870235368,"TRIG"
"577",108,173,-0.0768451508224797,"TRIG"
"578",108,174,-0.0755435146214227,"TRIG"
"579",108,175,-0.0742418784203657,"TRIG"
"580",108,176,-0.0729402422193086,"TRIG"
"581",108,177,-0.0716386060182516,"TRIG"
"582",108,178,-0.0703369698171945,"TRIG"
"583",108,179,-0.0690353336161375,"TRIG"
"584",108,180,-0.0677336974150805,"TRIG"
"585",108,181,-0.0664320612140234,"TRIG"
"586",108,182,-0.0651304250129664,"TRIG"
"587",108,183,-0.0638287888119094,"TRIG"
"588",108,184,-0.0625271526108523,"TRIG"
"589",108,185,-0.0612255164097953,"TRIG"
"590",108,186,-0.0599238802087383,"TRIG"
"591",108,187,-0.0586222440076812,"TRIG"
"592",108,188,-0.0573206078066242,"TRIG"
"593",108,189,-0.0560189716055672,"TRIG"
"594",108,190,-0.0547173354045101,"TRIG"
"595",108,191,-0.0534156992034531,"TRIG"
"596",108,192,-0.052114063002396,"TRIG"
"597",108,193,-0.050812426801339,"TRIG"
"598",108,194,-0.049510790600282,"TRIG"
"599",108,195,-0.0482091543992249,"TRIG"
"600",108,196,-0.0469075181981679,"TRIG"
"601",108,197,-0.0456058819971109,"TRIG"
"602",108,198,-0.0443042457960538,"TRIG"
"603",108,199,-0.0430026095949968,"TRIG"
"604",108,200,-0.0417009733939397,"TRIG"
"605",108,201,-0.0403993371928827,"TRIG"
"606",108,202,-0.0390977009918257,"TRIG"
"607",108,203,-0.0377960647907686,"TRIG"
"608",108,204,-0.0364944285897116,"TRIG"
"609",108,205,-0.0351927923886546,"TRIG"
"610",108,206,-0.0338911561875975,"TRIG"
"611",108,207,-0.0325895199865405,"TRIG"
"612",108,208,-0.0312878837854835,"TRIG"
"613",108,209,-0.0299862475844264,"TRIG"
"614",108,210,-0.0286846113833694,"TRIG"
"615",108,211,-0.0273829751823124,"TRIG"
"616",108,212,-0.0260813389812553,"TRIG"
"617",108,213,-0.0247797027801983,"TRIG"
"618",108,214,-0.0234780665791413,"TRIG"
"619",108,215,-0.0221764303780842,"TRIG"
"620",108,216,-0.0208747941770272,"TRIG"
"621",108,217,-0.0195731579759701,"TRIG"
"622",108,218,-0.0182715217749131,"TRIG"
"623",108,219,-0.0169698855738561,"TRIG"
"624",108,220,-0.015668249372799,"TRIG"
"625",108,221,-0.014366613171742,"TRIG"
"626",108,222,-0.013064976970685,"TRIG"
"627",108,223,-0.0117633407696279,"TRIG"
"628",108,224,-0.0104617045685709,"TRIG"
"629",108,225,-0.00916006836751385,"TRIG"
"630",108,226,-0.00785843216645682,"TRIG"
"631",108,227,-0.00655679596539976,"TRIG"
"632",108,228,-0.00525515976434274,"TRIG"
"633",108,229,-0.00395352356328571,"TRIG"
"634",108,230,-0.00265188736222866,"TRIG"
"635",108,231,-0.00135025116117163,"TRIG"
"636",108,232,-4.86149601146013e-05,"TRIG"
"637",108,233,0.00125302124094245,"TRIG"
"638",108,234,0.00255465744199948,"TRIG"
"639",108,235,0.00385629364305651,"TRIG"
"640",108,236,0.00515792984411356,"TRIG"
"641",108,237,0.00645956604517059,"TRIG"
"642",108,238,0.00776120224622762,"TRIG"
"643",108,239,0.00906283844728467,"TRIG"
"644",108,240,0.0103644746483417,"TRIG"
"645",108,241,0.0116661108493987,"TRIG"
"646",108,242,0.0129677470504558,"TRIG"
"647",108,243,0.0142693832515128,"TRIG"
"648",108,244,0.0155710194525698,"TRIG"
"649",108,245,0.0168726556536269,"TRIG"
"650",108,246,0.0181742918546839,"TRIG"
"651",108,247,0.0194759280557409,"TRIG"
"652",108,248,0.020777564256798,"TRIG"
"653",108,249,0.022079200457855,"TRIG"
"654",108,250,0.0233808366589121,"TRIG"
"655",108,251,0.0246824728599691,"TRIG"
"656",108,252,0.0259841090610261,"TRIG"
"657",108,253,0.0272857452620832,"TRIG"
"658",108,254,0.0285873814631402,"TRIG"
"659",108,255,0.0298890176641972,"TRIG"
"660",108,256,0.0311906538652543,"TRIG"
"661",108,257,0.0324922900663113,"TRIG"
"662",108,258,0.0337939262673684,"TRIG"
"663",108,259,0.0350955624684254,"TRIG"
"664",108,260,0.0363971986694824,"TRIG"
"665",108,261,0.0376988348705395,"TRIG"
"666",108,262,0.0390004710715965,"TRIG"
"667",108,263,0.0403021072726535,"TRIG"
"668",108,264,0.0416037434737106,"TRIG"
"669",108,265,0.0429053796747676,"TRIG"
"670",108,266,0.0442070158758246,"TRIG"
"671",108,267,0.0455086520768817,"TRIG"
"672",108,268,0.0468102882779387,"TRIG"
"673",108,269,0.0481119244789957,"TRIG"
"674",108,270,0.0494135606800528,"TRIG"
"675",108,271,0.0507151968811098,"TRIG"
"676",108,272,0.0520168330821668,"TRIG"
"677",108,273,0.0533184692832239,"TRIG"
"678",108,274,0.0546201054842809,"TRIG"
"679",108,275,0.055921741685338,"TRIG"
"680",108,276,0.057223377886395,"TRIG"
"681",108,277,0.058525014087452,"TRIG"
"682",108,278,0.0598266502885091,"TRIG"
"683",108,279,0.0611282864895661,"TRIG"
"684",108,280,0.0624299226906231,"TRIG"
"685",108,281,0.0637315588916802,"TRIG"
"686",108,282,0.0650331950927372,"TRIG"
"687",108,283,0.0663348312937942,"TRIG"
"688",108,284,0.0676364674948513,"TRIG"
"689",108,285,0.0689381036959083,"TRIG"
"690",108,286,0.0702397398969654,"TRIG"
"691",108,287,0.0715413760980224,"TRIG"
"692",108,288,0.0728430122990794,"TRIG"
"693",108,289,0.0741446485001365,"TRIG"
"694",108,290,0.0754462847011935,"TRIG"
"695",108,291,0.0767479209022505,"TRIG"
"696",108,292,0.0780495571033076,"TRIG"
"697",108,293,0.0793511933043646,"TRIG"
"698",108,294,0.0806528295054217,"TRIG"
"699",108,295,0.0819544657064787,"TRIG"
"700",108,296,0.0832561019075357,"TRIG"
"701",108,297,0.0845577381085928,"TRIG"
"702",108,298,0.0858593743096498,"TRIG"
"703",108,299,0.0871610105107068,"TRIG"
"704",108,300,0.0884626467117639,"TRIG"
"705",108,301,0.0897642829128209,"TRIG"
"706",108,302,0.0910659191138779,"TRIG"
"707",108,303,0.092367555314935,"TRIG"
"708",108,304,0.093669191515992,"TRIG"
"709",108,305,0.094970827717049,"TRIG"
"710",108,306,0.0962724639181061,"TRIG"
"711",108,307,0.0975741001191631,"TRIG"
"712",108,308,0.0988757363202201,"TRIG"
"713",108,309,0.100177372521277,"TRIG"
"714",108,310,0.101479008722334,"TRIG"
"715",108,311,0.102780644923391,"TRIG"
"716",108,312,0.104082281124448,"TRIG"
"717",108,313,0.105383917325505,"TRIG"
"718",108,314,0.106685553526562,"TRIG"
"719",108,315,0.107987189727619,"TRIG"
"720",108,316,0.109288825928676,"TRIG"
"721",108,317,0.110590462129733,"TRIG"
"722",108,318,0.111892098330791,"TRIG"
"723",108,319,0.113193734531848,"TRIG"
"724",108,320,0.114495370732905,"TRIG"
"725",108,321,0.115797006933962,"TRIG"
"726",108,322,0.117098643135019,"TRIG"
"727",108,323,0.118400279336076,"TRIG"
"728",108,324,0.119701915537133,"TRIG"
"729",108,325,0.12100355173819,"TRIG"
"730",108,326,0.122305187939247,"TRIG"
"731",108,327,0.123606824140304,"TRIG"
"732",108,328,0.124908460341361,"TRIG"
"733",108,329,0.126210096542418,"TRIG"
"734",108,330,0.127511732743475,"TRIG"
"735",108,331,0.128813368944532,"TRIG"
"736",108,332,0.130115005145589,"TRIG"
"737",108,333,0.131416641346646,"TRIG"
"738",108,334,0.132718277547703,"TRIG"
"739",108,335,0.13401991374876,"TRIG"
"740",108,336,0.135321549949817,"TRIG"
"741",108,337,0.136623186150874,"TRIG"
"742",108,338,0.137924822351931,"TRIG"
"743",108,339,0.139226458552988,"TRIG"
"744",108,340,0.140528094754045,"TRIG"
"745",108,341,0.141829730955102,"TRIG"
"746",108,342,0.143131367156159,"TRIG"
"747",108,343,0.144433003357216,"TRIG"
"748",108,344,0.145734639558273,"TRIG"
"749",108,345,0.147036275759331,"TRIG"
"750",108,346,0.148337911960388,"TRIG"
"751",108,347,0.149639548161445,"TRIG"
"752",108,348,0.150941184362502,"TRIG"
"753",108,349,0.152242820563559,"TRIG"
"754",108,350,0.153544456764616,"TRIG"
"755",108,351,0.154846092965673,"TRIG"
"756",108,352,0.15614772916673,"TRIG"
"757",108,353,0.157449365367787,"TRIG"
"758",108,354,0.158751001568844,"TRIG"
"759",108,355,0.160052637769901,"TRIG"
"760",108,356,0.161354273970958,"TRIG"
"761",108,357,0.162655910172015,"TRIG"
"762",108,358,0.163957546373072,"TRIG"
"763",108,359,0.165259182574129,"TRIG"
"764",108,360,0.166560818775186,"TRIG"
"765",108,361,0.167862454976243,"TRIG"
"766",108,362,0.1691640911773,"TRIG"
"767",108,363,0.170465727378357,"TRIG"
"768",108,364,0.171767363579414,"TRIG"
"769",108,365,0.173068999780471,"TRIG"
"770",108,366,0.174370635981528,"TRIG"
"771",108,367,0.175672272182585,"TRIG"
"772",108,368,0.176973908383642,"TRIG"
"773",108,369,0.178275544584699,"TRIG"
"774",108,370,0.179577180785756,"TRIG"
"775",108,371,0.180878816986813,"TRIG"
"776",108,372,0.18218045318787,"TRIG"
"777",108,373,0.183482089388927,"TRIG"
"778",108,374,0.184783725589985,"TRIG"
"779",108,375,0.186085361791042,"TRIG"
"780",108,376,0.187386997992099,"TRIG"
"781",108,377,0.188688634193156,"TRIG"
"782",108,378,0.189990270394213,"TRIG"
"783",108,379,0.19129190659527,"TRIG"
"784",108,380,0.192593542796327,"TRIG"
"785",108,381,0.193895178997384,"TRIG"
"786",108,382,0.195196815198441,"TRIG"
"787",108,383,0.196498451399498,"TRIG"
"788",108,384,0.197800087600555,"TRIG"
"789",108,385,0.199101723801612,"TRIG"
"790",108,386,0.200403360002669,"TRIG"
"791",108,387,0.201704996203726,"TRIG"
"792",108,388,0.203006632404783,"TRIG"
"793",108,389,0.20430826860584,"TRIG"
"794",108,390,0.205609904806897,"TRIG"
"795",108,391,0.206911541007954,"TRIG"
"796",108,392,0.208213177209011,"TRIG"
"797",108,393,0.209514813410068,"TRIG"
"798",108,394,0.210816449611125,"TRIG"
"799",108,395,0.212118085812182,"TRIG"
"800",108,396,0.213419722013239,"TRIG"
"801",108,397,0.214721358214296,"TRIG"
"802",108,398,0.216022994415353,"TRIG"
"803",108,399,0.21732463061641,"TRIG"
"804",108,400,0.218626266817467,"TRIG"
"805",108,401,0.219927903018525,"TRIG"
"806",108,402,0.221229539219582,"TRIG"
"807",108,403,0.222531175420639,"TRIG"
"808",108,404,0.223832811621696,"TRIG"
"809",108,405,0.225134447822753,"TRIG"
"810",108,406,0.22643608402381,"TRIG"
"811",108,407,0.227737720224867,"TRIG"
"812",108,408,0.229039356425924,"TRIG"
"813",108,409,0.230340992626981,"TRIG"
"814",108,410,0.231642628828038,"TRIG"
"815",108,411,0.232944265029095,"TRIG"
"816",108,412,0.234245901230152,"TRIG"
"817",108,413,0.235547537431209,"TRIG"
"818",108,414,0.236849173632266,"TRIG"
"819",108,415,0.238150809833323,"TRIG"
"820",108,416,0.23945244603438,"TRIG"
"821",108,417,0.240754082235437,"TRIG"
"822",108,418,0.242055718436494,"TRIG"
"823",108,419,0.243357354637551,"TRIG"
"824",108,420,0.244658990838608,"TRIG"
"825",108,421,0.245960627039665,"TRIG"
"826",108,422,0.247262263240722,"TRIG"
"827",108,423,0.248563899441779,"TRIG"
"828",108,424,0.249865535642836,"TRIG"
"829",108,425,0.251167171843893,"TRIG"
"830",108,426,0.25246880804495,"TRIG"
"831",108,427,0.253770444246007,"TRIG"
"832",108,428,0.255072080447065,"TRIG"
"833",108,429,0.256373716648121,"TRIG"
"834",108,430,0.257675352849179,"TRIG"
"835",108,431,0.258976989050236,"TRIG"
"836",108,432,0.260278625251293,"TRIG"
"837",108,433,0.26158026145235,"TRIG"
"838",108,434,0.262881897653407,"TRIG"
"839",108,435,0.264183533854464,"TRIG"
"840",108,436,0.265485170055521,"TRIG"
"841",108,437,0.266786806256578,"TRIG"
"842",108,438,0.268088442457635,"TRIG"
"843",108,439,0.269390078658692,"TRIG"
"844",108,440,0.270691714859749,"TRIG"
"845",108,441,0.271993351060806,"TRIG"
"846",108,442,0.273294987261863,"TRIG"
"847",108,443,0.27459662346292,"TRIG"
"848",108,444,0.275898259663977,"TRIG"
"849",108,445,0.277199895865034,"TRIG"
"850",108,446,0.278501532066091,"TRIG"
"851",108,447,0.279803168267148,"TRIG"
"852",108,448,0.281104804468205,"TRIG"
"853",108,449,0.282406440669262,"TRIG"
"854",108,450,0.283708076870319,"TRIG"
"855",108,451,0.285009713071376,"TRIG"
"856",108,452,0.286311349272433,"TRIG"
"857",108,453,0.28761298547349,"TRIG"
"858",108,454,0.288914621674547,"TRIG"
"859",108,455,0.290216257875604,"TRIG"
"860",108,456,0.291517894076662,"TRIG"
"861",108,457,0.292819530277719,"TRIG"
"862",108,458,0.294121166478776,"TRIG"
"863",108,459,0.295422802679833,"TRIG"
"864",108,460,0.29672443888089,"TRIG"
"865",108,461,0.298026075081947,"TRIG"
"866",108,462,0.299327711283004,"TRIG"
"867",108,463,0.300629347484061,"TRIG"
"868",108,464,0.301930983685118,"TRIG"
"869",108,465,0.303232619886175,"TRIG"
"870",108,466,0.304534256087232,"TRIG"
"871",108,467,0.305835892288289,"TRIG"
"872",108,468,0.307137528489346,"TRIG"
"873",108,469,0.308439164690403,"TRIG"
"874",108,470,0.30974080089146,"TRIG"
"875",108,471,0.311042437092517,"TRIG"
"876",108,472,0.312344073293574,"TRIG"
"877",108,473,0.313645709494631,"TRIG"
"878",108,474,0.314947345695688,"TRIG"
"879",108,475,0.316248981896745,"TRIG"
"880",108,476,0.317550618097802,"TRIG"
"881",108,477,0.318852254298859,"TRIG"
"882",108,478,0.320153890499916,"TRIG"
"883",108,479,0.321455526700973,"TRIG"
"884",108,480,0.32275716290203,"TRIG"
"885",108,481,0.324058799103087,"TRIG"
"886",108,482,0.325360435304144,"TRIG"
"887",108,483,0.326662071505201,"TRIG"
"888",108,484,0.327963707706258,"TRIG"
"889",108,485,0.329265343907316,"TRIG"
"890",108,486,0.330566980108373,"TRIG"
"891",108,487,0.33186861630943,"TRIG"
"892",108,488,0.333170252510487,"TRIG"
"893",108,489,0.334471888711544,"TRIG"
"894",108,490,0.335773524912601,"TRIG"
"895",108,491,0.337075161113658,"TRIG"
"896",108,492,0.338376797314715,"TRIG"
"897",108,493,0.339678433515772,"TRIG"
"898",108,494,0.340980069716829,"TRIG"
"899",108,495,0.342281705917886,"TRIG"
"900",108,496,0.343583342118943,"TRIG"
"901",108,497,0.34488497832,"TRIG"
"902",108,498,0.346186614521057,"TRIG"
"903",108,499,0.347488250722114,"TRIG"
"904",108,500,0.348789886923171,"TRIG"
"905",103,22.5,0,"BMI"
"906",103,22.6,0.00648206826507628,"BMI"
"907",103,22.7,0.0129641365301526,"BMI"
"908",103,22.8,0.0194462047952288,"BMI"
"909",103,22.9,0.0259282730603051,"BMI"
"910",103,23,0.0324103413253814,"BMI"
"911",103,23.1,0.0388924095904577,"BMI"
"912",103,23.2,0.0453744778555339,"BMI"
"913",103,23.3,0.0518565461206102,"BMI"
"914",103,23.4,0.0583386143856865,"BMI"
"915",103,23.5,0.0648206826507628,"BMI"
"916",103,23.6,0.071302750915839,"BMI"
"917",103,23.7,0.0777848191809153,"BMI"
"918",103,23.8,0.0842668874459916,"BMI"
"919",103,23.9,0.0907489557110679,"BMI"
"920",103,24,0.0972310239761441,"BMI"
"921",103,24.1,0.10371309224122,"BMI"
"922",103,24.2,0.110195160506297,"BMI"
"923",103,24.3,0.116677228771373,"BMI"
"924",103,24.4,0.123159297036449,"BMI"
"925",103,24.5,0.129641365301526,"BMI"
"926",103,24.6,0.136123433566602,"BMI"
"927",103,24.7,0.142605501831678,"BMI"
"928",103,24.8,0.149087570096754,"BMI"
"929",103,24.9,0.155569638361831,"BMI"
"930",103,25,0.162051706626907,"BMI"
"931",103,25.1,0.168533774891983,"BMI"
"932",103,25.2,0.175015843157059,"BMI"
"933",103,25.3,0.181497911422136,"BMI"
"934",103,25.4,0.187979979687212,"BMI"
"935",103,25.5,0.194462047952288,"BMI"
"936",103,25.6,0.200944116217365,"BMI"
"937",103,25.7,0.207426184482441,"BMI"
"938",103,25.8,0.213908252747517,"BMI"
"939",103,25.9,0.220390321012593,"BMI"
"940",103,26,0.22687238927767,"BMI"
"941",103,26.1,0.233354457542746,"BMI"
"942",103,26.2,0.239836525807822,"BMI"
"943",103,26.3,0.246318594072898,"BMI"
"944",103,26.4,0.252800662337975,"BMI"
"945",103,26.5,0.259282730603051,"BMI"
"946",103,26.6,0.265764798868127,"BMI"
"947",103,26.7,0.272246867133204,"BMI"
"948",103,26.8,0.27872893539828,"BMI"
"949",103,26.9,0.285211003663356,"BMI"
"950",103,27,0.291693071928432,"BMI"
"951",103,27.1,0.298175140193509,"BMI"
"952",103,27.2,0.304657208458585,"BMI"
"953",103,27.3,0.311139276723661,"BMI"
"954",103,27.4,0.317621344988738,"BMI"
"955",103,27.5,0.324103413253814,"BMI"
"956",103,27.6,0.33058548151889,"BMI"
"957",103,27.7,0.337067549783966,"BMI"
"958",103,27.8,0.343549618049043,"BMI"
"959",103,27.9,0.350031686314119,"BMI"
"960",103,28,0.356513754579195,"BMI"
"961",103,28.1,0.362995822844271,"BMI"
"962",103,28.2,0.369477891109348,"BMI"
"963",103,28.3,0.375959959374424,"BMI"
"964",103,28.4,0.3824420276395,"BMI"
"965",103,28.5,0.388924095904576,"BMI"
"966",103,28.6,0.395406164169653,"BMI"
"967",103,28.7,0.401888232434729,"BMI"
"968",103,28.8,0.408370300699805,"BMI"
"969",103,28.9,0.414852368964882,"BMI"
"970",103,29,0.421334437229958,"BMI"
"971",103,29.1,0.427816505495034,"BMI"
"972",103,29.2,0.43429857376011,"BMI"
"973",103,29.3,0.440780642025187,"BMI"
"974",103,29.4,0.447262710290263,"BMI"
"975",103,29.5,0.453744778555339,"BMI"
"976",103,29.6,0.460226846820416,"BMI"
"977",103,29.7,0.466708915085492,"BMI"
"978",103,29.8,0.473190983350568,"BMI"
"979",103,29.9,0.479673051615644,"BMI"
"980",103,30,0.486155119880721,"BMI"
"981",103,30.1,0.492637188145797,"BMI"
"982",103,30.2,0.499119256410873,"BMI"
"983",103,30.3,0.505601324675949,"BMI"
"984",103,30.4,0.512083392941026,"BMI"
"985",103,30.5,0.518565461206102,"BMI"
"986",103,30.6,0.525047529471178,"BMI"
"987",103,30.7,0.531529597736255,"BMI"
"988",103,30.8,0.538011666001331,"BMI"
"989",103,30.9,0.544493734266407,"BMI"
"990",103,31,0.550975802531483,"BMI"
"991",103,31.1,0.55745787079656,"BMI"
"992",103,31.2,0.563939939061636,"BMI"
"993",103,31.3,0.570422007326712,"BMI"
"994",103,31.4,0.576904075591788,"BMI"
"995",103,31.5,0.583386143856865,"BMI"
"996",103,31.6,0.589868212121941,"BMI"
"997",103,31.7,0.596350280387017,"BMI"
"998",103,31.8,0.602832348652094,"BMI"
"999",103,31.9,0.60931441691717,"BMI"
"1000",103,32,0.615796485182246,"BMI"
"1001",103,32.1,0.622278553447323,"BMI"
"1002",103,32.2,0.628760621712399,"BMI"
"1003",103,32.3,0.635242689977475,"BMI"
"1004",103,32.4,0.641724758242551,"BMI"
"1005",103,32.5,0.648206826507628,"BMI"
"1006",103,32.6,0.654688894772704,"BMI"
"1007",103,32.7,0.66117096303778,"BMI"
"1008",103,32.8,0.667653031302856,"BMI"
"1009",103,32.9,0.674135099567933,"BMI"
"1010",103,33,0.680617167833009,"BMI"
"1011",103,33.1,0.687099236098085,"BMI"
"1012",103,33.2,0.693581304363161,"BMI"
"1013",103,33.3,0.700063372628238,"BMI"
"1014",103,33.4,0.706545440893314,"BMI"
"1015",103,33.5,0.71302750915839,"BMI"
"1016",103,33.6,0.719509577423467,"BMI"
"1017",103,33.7,0.725991645688543,"BMI"
"1018",103,33.8,0.732473713953619,"BMI"
"1019",103,33.9,0.738955782218695,"BMI"
"1020",103,34,0.745437850483772,"BMI"
"1021",103,34.1,0.751919918748848,"BMI"
"1022",103,34.2,0.758401987013924,"BMI"
"1023",103,34.3,0.764884055279,"BMI"
"1024",103,34.4,0.771366123544077,"BMI"
"1025",103,34.5,0.777848191809153,"BMI"
"1026",103,34.6,0.784330260074229,"BMI"
"1027",103,34.7,0.790812328339306,"BMI"
"1028",103,34.8,0.797294396604382,"BMI"
"1029",103,34.9,0.803776464869458,"BMI"
"1030",103,35,0.810258533134534,"BMI"
"1031",112,0,0,"Smoking"
"1032",112,1,0.00414328322768174,"Smoking"
"1033",112,2,0.00828656645536348,"Smoking"
"1034",112,3,0.0124298496830452,"Smoking"
"1035",112,4,0.016573132910727,"Smoking"
"1036",112,5,0.0207164161384087,"Smoking"
"1037",112,6,0.0248596993660904,"Smoking"
"1038",112,7,0.0290029825937722,"Smoking"
"1039",112,8,0.0331462658214539,"Smoking"
"1040",112,9,0.0372895490491357,"Smoking"
"1041",112,10,0.0414328322768174,"Smoking"
"1042",112,11,0.0455761155044991,"Smoking"
"1043",112,12,0.0497193987321809,"Smoking"
"1044",112,13,0.0538626819598626,"Smoking"
"1045",112,14,0.0580059651875444,"Smoking"
"1046",112,15,0.0621492484152261,"Smoking"
"1047",112,16,0.0662925316429079,"Smoking"
"1048",112,17,0.0704358148705896,"Smoking"
"1049",112,18,0.0745790980982713,"Smoking"
"1050",112,19,0.0787223813259531,"Smoking"
"1051",112,20,0.0828656645536348,"Smoking"
"1052",112,21,0.0870089477813166,"Smoking"
"1053",112,22,0.0911522310089983,"Smoking"
"1054",112,23,0.09529551423668,"Smoking"
"1055",112,24,0.0994387974643618,"Smoking"
"1056",112,25,0.103582080692043,"Smoking"
"1057",112,26,0.107725363919725,"Smoking"
"1058",112,27,0.111868647147407,"Smoking"
"1059",112,28,0.116011930375089,"Smoking"
"1060",112,29,0.12015521360277,"Smoking"
"1061",112,30,0.124298496830452,"Smoking"
"1062",112,31,0.128441780058134,"Smoking"
"1063",112,32,0.132585063285816,"Smoking"
"1064",112,33,0.136728346513497,"Smoking"
"1065",112,34,0.140871629741179,"Smoking"
"1066",112,35,0.145014912968861,"Smoking"
"1067",112,36,0.149158196196543,"Smoking"
"1068",112,37,0.153301479424224,"Smoking"
"1069",112,38,0.157444762651906,"Smoking"
"1070",112,39,0.161588045879588,"Smoking"
"1071",112,40,0.16573132910727,"Smoking"
"1072",112,41,0.169874612334951,"Smoking"
"1073",112,42,0.174017895562633,"Smoking"
"1074",112,43,0.178161178790315,"Smoking"
"1075",112,44,0.182304462017997,"Smoking"
"1076",112,45,0.186447745245678,"Smoking"
"1077",112,46,0.19059102847336,"Smoking"
"1078",112,47,0.194734311701042,"Smoking"
"1079",112,48,0.198877594928724,"Smoking"
"1080",112,49,0.203020878156405,"Smoking"
"1081",112,50,0.207164161384087,"Smoking"
"1082",112,51,0.211307444611769,"Smoking"
"1083",112,52,0.215450727839451,"Smoking"
"1084",112,53,0.219594011067132,"Smoking"
"1085",112,54,0.223737294294814,"Smoking"
"1086",112,55,0.227880577522496,"Smoking"
"1087",112,56,0.232023860750177,"Smoking"
"1088",112,57,0.236167143977859,"Smoking"
"1089",112,58,0.240310427205541,"Smoking"
"1090",112,59,0.244453710433223,"Smoking"
"1091",112,60,0.248596993660904,"Smoking"
"1092",112,61,0.252740276888586,"Smoking"
"1093",112,62,0.256883560116268,"Smoking"
"1094",112,63,0.26102684334395,"Smoking"
"1095",112,64,0.265170126571631,"Smoking"
"1096",112,65,0.269313409799313,"Smoking"
"1097",112,66,0.273456693026995,"Smoking"
"1098",112,67,0.277599976254677,"Smoking"
"1099",112,68,0.281743259482358,"Smoking"
"1100",112,69,0.28588654271004,"Smoking"
"1101",112,70,0.290029825937722,"Smoking"
"1102",112,71,0.294173109165404,"Smoking"
"1103",112,72,0.298316392393085,"Smoking"
"1104",112,73,0.302459675620767,"Smoking"
"1105",112,74,0.306602958848449,"Smoking"
"1106",112,75,0.310746242076131,"Smoking"
"1107",112,76,0.314889525303812,"Smoking"
"1108",112,77,0.319032808531494,"Smoking"
"1109",112,78,0.323176091759176,"Smoking"
"1110",112,79,0.327319374986857,"Smoking"
"1111",112,80,0.331462658214539,"Smoking"
"1112",112,81,0.335605941442221,"Smoking"
"1113",112,82,0.339749224669903,"Smoking"
"1114",112,83,0.343892507897584,"Smoking"
"1115",112,84,0.348035791125266,"Smoking"
"1116",112,85,0.352179074352948,"Smoking"
"1117",112,86,0.35632235758063,"Smoking"
"1118",112,87,0.360465640808311,"Smoking"
"1119",112,88,0.364608924035993,"Smoking"
"1120",112,89,0.368752207263675,"Smoking"
"1121",112,90,0.372895490491357,"Smoking"
"1122",112,91,0.377038773719038,"Smoking"
"1123",112,92,0.38118205694672,"Smoking"
"1124",112,93,0.385325340174402,"Smoking"
"1125",112,94,0.389468623402084,"Smoking"
"1126",112,95,0.393611906629765,"Smoking"
"1127",112,96,0.397755189857447,"Smoking"
"1128",112,97,0.401898473085129,"Smoking"
"1129",112,98,0.406041756312811,"Smoking"
"1130",112,99,0.410185039540492,"Smoking"
"1131",112,100,0.414328322768174,"Smoking"
"1132",112,101,0.418471605995856,"Smoking"
"1133",112,102,0.422614889223538,"Smoking"
"1134",112,103,0.426758172451219,"Smoking"
"1135",112,104,0.430901455678901,"Smoking"
"1136",112,105,0.435044738906583,"Smoking"
"1137",112,106,0.439188022134264,"Smoking"
"1138",112,107,0.443331305361946,"Smoking"
"1139",112,108,0.447474588589628,"Smoking"
"1140",112,109,0.45161787181731,"Smoking"
"1141",112,110,0.455761155044991,"Smoking"
"1142",112,111,0.459904438272673,"Smoking"
"1143",112,112,0.464047721500355,"Smoking"
"1144",112,113,0.468191004728037,"Smoking"
"1145",112,114,0.472334287955718,"Smoking"
"1146",112,115,0.4764775711834,"Smoking"
"1147",112,116,0.480620854411082,"Smoking"
"1148",112,117,0.484764137638764,"Smoking"
"1149",112,118,0.488907420866445,"Smoking"
"1150",112,119,0.493050704094127,"Smoking"
"1151",112,120,0.497193987321809,"Smoking"
"1152",113,0,0,"FutSmoking"
"1153",113,1,0.00414328322768174,"FutSmoking"
"1154",113,2,0.00828656645536348,"FutSmoking"
"1155",113,3,0.0124298496830452,"FutSmoking"
"1156",113,4,0.016573132910727,"FutSmoking"
"1157",113,5,0.0207164161384087,"FutSmoking"
"1158",113,6,0.0248596993660904,"FutSmoking"
"1159",113,7,0.0290029825937722,"FutSmoking"
"1160",113,8,0.0331462658214539,"FutSmoking"
"1161",113,9,0.0372895490491357,"FutSmoking"
"1162",113,10,0.0414328322768174,"FutSmoking"
"1163",113,11,0.0455761155044991,"FutSmoking"
"1164",113,12,0.0497193987321809,"FutSmoking"
"1165",113,13,0.0538626819598626,"FutSmoking"
"1166",113,14,0.0580059651875444,"FutSmoking"
"1167",113,15,0.0621492484152261,"FutSmoking"
"1168",113,16,0.0662925316429079,"FutSmoking"
"1169",113,17,0.0704358148705896,"FutSmoking"
"1170",113,18,0.0745790980982713,"FutSmoking"
"1171",113,19,0.0787223813259531,"FutSmoking"
"1172",113,20,0.0828656645536348,"FutSmoking"
"1173",113,21,0.0870089477813166,"FutSmoking"
"1174",113,22,0.0911522310089983,"FutSmoking"
"1175",113,23,0.09529551423668,"FutSmoking"
"1176",113,24,0.0994387974643618,"FutSmoking"
"1177",113,25,0.103582080692043,"FutSmoking"
"1178",113,26,0.107725363919725,"FutSmoking"
"1179",113,27,0.111868647147407,"FutSmoking"
"1180",113,28,0.116011930375089,"FutSmoking"
"1181",113,29,0.12015521360277,"FutSmoking"
"1182",113,30,0.124298496830452,"FutSmoking"
"1183",113,31,0.128441780058134,"FutSmoking"
"1184",113,32,0.132585063285816,"FutSmoking"
"1185",113,33,0.136728346513497,"FutSmoking"
"1186",113,34,0.140871629741179,"FutSmoking"
"1187",113,35,0.145014912968861,"FutSmoking"
"1188",113,36,0.149158196196543,"FutSmoking"
"1189",113,37,0.153301479424224,"FutSmoking"
"1190",113,38,0.157444762651906,"FutSmoking"
"1191",113,39,0.161588045879588,"FutSmoking"
"1192",113,40,0.16573132910727,"FutSmoking"
"1193",113,41,0.169874612334951,"FutSmoking"
"1194",113,42,0.174017895562633,"FutSmoking"
"1195",113,43,0.178161178790315,"FutSmoking"
"1196",113,44,0.182304462017997,"FutSmoking"
"1197",113,45,0.186447745245678,"FutSmoking"
"1198",113,46,0.19059102847336,"FutSmoking"
"1199",113,47,0.194734311701042,"FutSmoking"
"1200",113,48,0.198877594928724,"FutSmoking"
"1201",113,49,0.203020878156405,"FutSmoking"
"1202",113,50,0.207164161384087,"FutSmoking"
"1203",113,51,0.211307444611769,"FutSmoking"
"1204",113,52,0.215450727839451,"FutSmoking"
"1205",113,53,0.219594011067132,"FutSmoking"
"1206",113,54,0.223737294294814,"FutSmoking"
"1207",113,55,0.227880577522496,"FutSmoking"
"1208",113,56,0.232023860750177,"FutSmoking"
"1209",113,57,0.236167143977859,"FutSmoking"
"1210",113,58,0.240310427205541,"FutSmoking"
"1211",113,59,0.244453710433223,"FutSmoking"
"1212",113,60,0.248596993660904,"FutSmoking"
"1213",113,61,0.252740276888586,"FutSmoking"
"1214",113,62,0.256883560116268,"FutSmoking"
"1215",113,63,0.26102684334395,"FutSmoking"
"1216",113,64,0.265170126571631,"FutSmoking"
"1217",113,65,0.269313409799313,"FutSmoking"
"1218",113,66,0.273456693026995,"FutSmoking"
"1219",113,67,0.277599976254677,"FutSmoking"
"1220",113,68,0.281743259482358,"FutSmoking"
"1221",113,69,0.28588654271004,"FutSmoking"
"1222",113,70,0.290029825937722,"FutSmoking"
"1223",113,71,0.294173109165404,"FutSmoking"
"1224",113,72,0.298316392393085,"FutSmoking"
"1225",113,73,0.302459675620767,"FutSmoking"
"1226",113,74,0.306602958848449,"FutSmoking"
"1227",113,75,0.310746242076131,"FutSmoking"
"1228",113,76,0.314889525303812,"FutSmoking"
"1229",113,77,0.319032808531494,"FutSmoking"
"1230",113,78,0.323176091759176,"FutSmoking"
"1231",113,79,0.327319374986857,"FutSmoking"
"1232",113,80,0.331462658214539,"FutSmoking"
"1233",113,81,0.335605941442221,"FutSmoking"
"1234",113,82,0.339749224669903,"FutSmoking"
"1235",113,83,0.343892507897584,"FutSmoking"
"1236",113,84,0.348035791125266,"FutSmoking"
"1237",113,85,0.352179074352948,"FutSmoking"
"1238",113,86,0.35632235758063,"FutSmoking"
"1239",113,87,0.360465640808311,"FutSmoking"
"1240",113,88,0.364608924035993,"FutSmoking"
"1241",113,89,0.368752207263675,"FutSmoking"
"1242",113,90,0.372895490491357,"FutSmoking"
"1243",113,91,0.377038773719038,"FutSmoking"
"1244",113,92,0.38118205694672,"FutSmoking"
"1245",113,93,0.385325340174402,"FutSmoking"
"1246",113,94,0.389468623402084,"FutSmoking"
"1247",113,95,0.393611906629765,"FutSmoking"
"1248",113,96,0.397755189857447,"FutSmoking"
"1249",113,97,0.401898473085129,"FutSmoking"
"1250",113,98,0.406041756312811,"FutSmoking"
"1251",113,99,0.410185039540492,"FutSmoking"
"1252",113,100,0.414328322768174,"FutSmoking"
"1253",113,101,0.418471605995856,"FutSmoking"
"1254",113,102,0.422614889223538,"FutSmoking"
"1255",113,103,0.426758172451219,"FutSmoking"
"1256",113,104,0.430901455678901,"FutSmoking"
"1257",113,105,0.435044738906583,"FutSmoking"
"1258",113,106,0.439188022134264,"FutSmoking"
"1259",113,107,0.443331305361946,"FutSmoking"
"1260",113,108,0.447474588589628,"FutSmoking"
"1261",113,109,0.45161787181731,"FutSmoking"
"1262",113,110,0.455761155044991,"FutSmoking"
"1263",113,111,0.459904438272673,"FutSmoking"
"1264",113,112,0.464047721500355,"FutSmoking"
"1265",113,113,0.468191004728037,"FutSmoking"
"1266",113,114,0.472334287955718,"FutSmoking"
"1267",113,115,0.4764775711834,"FutSmoking"
"1268",113,116,0.480620854411082,"FutSmoking"
"1269",113,117,0.484764137638764,"FutSmoking"
"1270",113,118,0.488907420866445,"FutSmoking"
"1271",113,119,0.493050704094127,"FutSmoking"
"1272",113,120,0.497193987321809,"FutSmoking"
"1273",202,0,0,"NA"
"1274",202,1,-0.0770401995240505,"CC"
"1275",202,2,0.321725787163496,"CA"
"1276",202,3,0.720479060704686,"AA"
"1277",203,0,0,"NA"
"1278",203,1,-0.129929730097467,"TT"
"1279",203,2,0.0440553333307931,"CC"
"1280",203,3,0.101216340579542,"CT"
